"TeamID","Team","TotalWins"
"100",A$AP,2
"1001",Team Heretics,76
"1006",unKnown,1
"1007",Revolution,2
"101",Paraplegic Buffalos,2
"1010",Inside Games,13
"1011",ZEITGEIST,2
"1012",avg25iq,1
"1019",fostercare,2
"1020",CrowСrowd,20
"1021",Vengeance,7
"1025",ZFGaming,10
"1026",Hollywood Hooliganz,2
"103",Immortals,146
"1030",Take Flyte,12
"1033",Reckoning Esports,7
"1034",NRG Esports,112
"1035",Cream Real Betis,29
"104",REJECT,58
"1049",re'born,1
"1054",THE START W,3
"1057",aNg DarkHorse,10
"1059",SeolHaeOne Prince,1
"106",TSM,171
"1061",Rover,2
"1063",S2V Esports,2
"1066",NerdTown eSport,4
"1071",unsigned,17
"1074","200 Policemen",2
"1077",BDV,2
"108",forZe,82
"1082",Kamil Klein new chapter,2
"109",FABRIKEN,19
"1090",Tarren Mill,11
"1097",FlyToMoon,3
"11",Obey Alliance,1
"110",FishkaVTom,20
"1106",Overtime Esports,9
"1107",King of Gamers,5
"111",Charlotte Phoenix,6
"1110",Alter Ego,73
"1111",MiTH.Streamer,3
"1116",SUPERFLY,1
"1117",Grapefruit Techniques,11
"1119",All Gamers,1
"112",Team ocheon2,1
"1120",EDward Gaming,25
"1122",Vandal Only,1
"1124",RED Canids,3
"1132",CoreNine Esports,1
"1139",BE INFAMOUS,3
"1140",TUBEPLE Gaming,18
"1146",Godlike Esports,21
"1148",CH1LL,1
"1150",MAJSTERSZTYK,2
"1151",Team Empire ,15
"1152",Equinox Esports,45
"1153",PROPARTY,3
"1163",Arctic Gaming,5
"1164",Awake Esports,1
"1166",Time In,30
"1170",Stars,1
"1174",Yendez,15
"1175",bref,4
"1182",Daytrade Gaming,2
"1184",Futbolist,73
"1189",eXiLe eSports,7
"1190",MJAOMODE,7
"12",Team Sonii,1
"120","100 Thieves",102
"1202",R!OT Gaming,4
"1204",Paratroops,3
"1206",Legacy Esports,5
"1207",Gravitas,7
"1208",ORDER,86
"1209",Guild Esports,55
"1211",Totoro Gaming,36
"1224",Team Weibo,28
"1229",PARA LAZIM,1
"1230",HaZe Clan,7
"1232",VETERANOS e-Sports,1
"1233",Italian Hope,2
"1234",Team Sampi,21
"1237",Sangal Esports,17
"124",Team Valkia,2
"1240",Team Name,4
"1242",Illinois Servers Please,6
"1245",TradeLikePros Gold,2
"1246",DREAMLAND,7
"1247",Dog Team Needs Club Org,1
"1248",TradeLikePros Red,1
"1249",Decent Esports,4
"125",Team Ryux,1
"1250",Winfinity,3
"1251",Guess,1
"1252",Emerald Gaming,1
"1253",Eazy One Gaming,6
"1256",Nice Cars,3
"1259",Dreamwalker,8
"1266",Jeremiah,1
"1267",Cloud9 White ,63
"1269",Lycus Empire,1
"1270",With the boiz,6
"1272",the boomzers,2
"128",Team Solaaaa,1
"1291",Roosters,6
"1297",Sakura Storm,12
"13",Team Kurt,1
"1300",Last Round Save,4
"1301",Exotic,1
"1305",Sedated,8
"1309",Mix,9
"1310",ME CONTRATA,3
"1311",Galaxy Carrots,8
"1312",Slimy Boogermen,21
"1314",ever.wc,1
"1316",QLASH,1
"1317",Team White,1
"1319",Funcrew,10
"1320",Waterbottle,2
"1323",Nebula,23
"1324",Air Raiders,1
"1325",Genuine Gaming,1
"1327",Feel So Good,1
"1331",BearClaw Gaming,8
"134",Team blackelespanolito,1
"1341",Team Singularity,39
"1342",Axsor,22
"1344",Prima Esport,1
"1346",hREDS,2
"1351",REPLY TOTEM,4
"1352",Dire Wolves,18
"1353",zazemlenie,2
"14",T1,99
"140",Team Mithrain,1
"1405",Shadownet,9
"1406",Momentum Based,2
"1409",Wheels,1
"1416",Nexus Gaming,1
"1417",THEX,5
"1421",Chakalaka,13
"1436",Vital Force,1
"1438",TRAMPET,4
"1442",Team Spain,1
"1443",Team France,2
"1445",Team Turkey,2
"1448",Team Portugal,3
"1449",Team UK,2
"1452",Mod-Z,6
"1453",OtherSide,19
"1456",PENTA,1
"146",Team Lothar,1
"1464",YaLLa Esports,9
"1466",Anubis Gaming,26
"1469",Cairo City G'zzz,6
"1470",NASR Esports,22
"1471",Team RA'AD,17
"1474",eSuba,28
"1475",Cool Guys,1
"1480",DreamSeller,1
"1481",NG.Black,25
"1483",QConfirm,3
"1485",Aricat Esport,19
"149",Team PAGO3,1
"1490","1stCav eSport Club",1
"15",Prospects,12
"151",Team wtcN,2
"1512",Outlaws,1
"1518",InFernal,1
"1519",FFT,4
"152",Team mym_alkapone,2
"153",Team blue_mx,1
"1533",Sprayz Gaming,1
"154",Team RobertoCein,1
"1543",GGmate,1
"1551",Constant rise,1
"1553",-sheesh-,2
"1557",The Stream Team,1
"1574",aspyxia,1
"1575",Sekai,5
"1576",FiftyOne,1
"1589",SHHHHHHH!,2
"1591",Team Lightning,1
"1592",Fox Gaming,16
"1594",Team Majesty,14
"1596",Alterfox Esports,1
"1603",NMDM,2
"1615",Knights,100
"162",Team dizzy,2
"1620",Allware,1
"163",Team StPeach,1
"1639",Flash and Dash,1
"164",Team fl0m,2
"1645",Caffeine Fiends,1
"1646",LividOnes,1
"1650",KDA,1
"1656",SOR,5
"1657",Penguin Sledding,1
"166",Team Sh0ts,1
"1661",FUNSNATCHERS,2
"1666",Onslaught Gaming,1
"1667",ex-Team Bliss,2
"1669",Able Esports,3
"167",Team Mendo,3
"1670",F4Q,37
"1675",Zero Zone,11
"1693",Athletico Zombies,4
"1695",Somnium Esports,1
"1696",Wildcard Gaming,54
"1698",ex-AING MAUNG Esports,2
"17",Gen.G,133
"170",Team Jordan Fisher,1
"1700",XcN Gaming,17
"1705","5NOOBS",5
"1706",The Clappening,3
"1715",down bad,3
"172",Team Paula Nobre,1
"1723",Trouble Makers,1
"1728",Fast Rush,2
"1731",Nester,2
"1732",Novagis Gaming,7
"1734",FIRST Gaming,12
"1735",THE SHABLES,1
"1736",ex-FULL SENSE,10
"1737",InnerVoice,2
"174",Team Sacy,1
"176",Team mch,2
"1774",N4PAS,2
"179",Team sabagod2,3
"1791",FTW Esports,17
"1797",Necrotic Esports,1
"1798",thunderPEEK,1
"18",mouseSpaz,1
"1802",Cakebois,1
"181",Team YamatoN,1
"1817",Prophecy ESC,1
"182",Team kennymcc,2
"183",SunSister Rapid,4
"1830",Vorax,10
"1831",LDM Esports,22
"1837",Attacking Soul Esports,10
"184",Team DylanteroLIVE,1
"1856",Noobs With Attitude,1
"188",Cloud9,146
"190",MIXUP,6
"1903",YAZDA,5
"1910",Team Duelist,3
"1911",Imperial Esports,23
"1913",RARE Esports,18
"1915",NXL LIGAGAME,30
"1916",Ingaming,13
"1919",Kingsmen,41
"1920",Las Venturas,3
"1921",Zero Synergy,1
"1926",SE ATLAS,5
"1927",Bestial,1
"1932",Hashira,15
"1934",ArkAngel,18
"1939",JMNY6,3
"1941",Boss Gold,2
"1942",Team 600,7
"1944",Excelsa,4
"1948",Running Dogs,2
"195",Code7,6
"1964","2G4L",5
"1969",Rebirth Esports,3
"197",Rugratz,3
"1970",TNL Esports,48
"1979",b Tang,1
"198",DRX Vision Strikers,92
"1980",Lightailty,1
"1981",Dark Passage,6
"1982",DfuseTeam,29
"1988",Aracne Esports,2
"1991",Akave Esports,8
"1995",Penguins of the night,2
"1996","99cents",1
"1998",Atletica Pro Gaming 9,1
"2",Sentinels,178
"20",StartedFromCS,10
"2011",ex-Serenity,11
"2012",Swag Silicone,2
"2019",LANCHILLERS,1
"2026",Arbalest,6
"2028",XTZ Esports,8
"2029",WAY Esports,3
"203",paiN Gaming,22
"2030",ex-Reckless Lads,2
"2031",KINGSLAYERS,1
"2032",ONIC G,27
"2033",Big Frames,13
"2034",VISU Gaming,6
"2035",ehehxd,1
"2036",Besiktas Esports,16
"2038",Team ScreaM,1
"204",CYCLOPS athlete gaming,8
"2040",Team gob b,2
"2042",LJG,4
"2043",Team Z,1
"2044",ex-Five Ace e-Sports,8
"2045",LT,3
"2046",Amateur Team,2
"2047",AFTERMIND,2
"2048",Prodigy,11
"2049",Divinity,5
"205",DeToNator,6
"2059",Team Vitality,59
"206",Warthox Esport,2
"2071",Cave Canem,4
"2075",illusioń!,4
"2085",Team Fearoth,1
"2087",Team cNed,2
"2090",Team vakk,1
"2091",Team Davidp,1
"2094",Team ardiis,3
"2095",Team AsLanM4shadoW,3
"21",Prodigy,33
"2100",GMT Esports,56
"2101",LAGOS,1
"2102",Kungarna,5
"2103",Tale Quale,8
"2105",Team Influencer,2
"2106",Team Mixwell,2
"2108",CNCI BLUE BEES,8
"2109",Sneaker Daily Meloner,1
"211",together we are terrific,11
"2110",Team SHIFT,11
"2111",FFQ,3
"2112",X10 CRIT,50
"2113",ANKA E-Sports,2
"2116",Yes mies,1
"2118",TooManyQuestions,6
"212","303 Esports Orange",1
"2125",PffxD,2
"2128",Carpe Noctem,5
"2129",Mythicals,1
"213",Echo 8,4
"2130",Ah yeah gaming,2
"2133",Marten Gaming,1
"2136",seeker,1
"2139","303 Esports",4
"214",Way 2 French,8
"2142",EZPZ,2
"2146",Celeste,1
"2150",JustLose,16
"2151",Kantic Gaming,4
"216",China Nguyen,19
"2160",ZaPs Clan,1
"2161",Team Up,2
"2165",Aspire,1
"2178",PROJEKT RADIANT,4
"2179",+W party,2
"218",Team Underrated,3
"2180",Invicta,1
"2181",Omni,1
"2184",Hysteria,1
"2187",calclub-p,5
"2193",UnSigned,5
"2194",Lethal Grinders,2
"2196",NOT SNP,2
"2198",One Shot Esports,1
"22",Dire Wolves,6
"220",Intensity,1
"2202",OOKERS,1
"2207",Snowmen,1
"2209",Headshot Percentage,5
"2211",Team Mahi,3
"2213",SIGN US,2
"2214",On The Way,16
"222","2G4L",14
"2223",RED5,3
"2228",Dallas Vendetta,3
"2244",ANEW Esports,1
"2249",Spotlight,4
"2252",SLAMMING GEARS,2
"2254",TREMBALA,3
"2257",BAR100LONA,2
"2259",AU POINT,2
"2270",Foxy Araikordai,17
"2271",Project !,1
"2286",ex-EXO Clan,12
"2287",eUnited,14
"2291",Ghost Gaming,72
"2297",Les Braqueurs,1
"2298",ShockDart,1
"230",roLLed,1
"2303",Lightning,11
"2304",Giants Gaming,77
"2307",CISFAITH,5
"2308",Team Gravity,1
"2310",S2V Esports,4
"2311",GRAZHtAS,1
"2312",ESTONOESUNJUEGOVALE,2
"2313",Lenovo Legion Honvéd,4
"2318",Don't Even Ask,1
"2319",NoNamers,5
"232",Team nookyyy,3
"2328",NUTURN,44
"2330",Pit Stop,15
"2331",peanutz,1
"2337",IC9,1
"234",Full Focus,1
"2340",STAGA,4
"2341",Badmental Badgame,2
"2343",Rise Gaming,20
"2345",ÉPEGADINHA,1
"2347",Arcana,2
"2348",VIRTUOSO,61
"235",Trees Money Crew,1
"2350",Soniqs,134
"2351",Warriors,1
"2354",Movistar Optix,18
"2355",KRÜ Esports,52
"2356",Bencheados Academy,1
"2358",Stampede Gaming,14
"2359",Leviatán,3
"236",i miss her,1
"2360",Kaos Latin Gamers,12
"2362",Skull Cracker,1
"2363",Pro Hub Gaming,10
"2364",Ryze Gaming,9
"2365",Buscando Org,4
"2366",Phinance G,1
"2368",Mixery,5
"2370",eXiLe Academy,1
"2373",Rix.GG Thunder,25
"2375",FrenzyGoKill,8
"2377",Brimstone Gaming,35
"2378",SUPER SQUAD,5
"238",TRAUMA,1
"2381",Boberts-Bugs-B-Gone,1
"2382",Balanced Esports,4
"2383",Bounty Esports,1
"2386",FYB v2,1
"2391",Mangal,3
"240",M4LIK,2
"2400",Dem Boys Cold,2
"2402",NeverDone,7
"2403",NSIC,3
"2404",HOIIIIYAH,1
"2406",FURIA,35
"2408",HEET,46
"241",Purple Cobras,14
"2416",Cyber Skull Esports,7
"2428",SLICK,16
"243",Gamelanders Blue,83
"2431",Typhoon,5
"2437",favela aimers,4
"2438",B4 eSports,7
"2440",Squad5,8
"246",Cage Triggered,2
"249",Falkol eSports,10
"2499",Movistar Riders,46
"25",fish123,26
"250",Red Hot,1
"2502",ex-Phoenix1,1
"2504",ex-Timing Monster Gaming,2
"2505",Looking For Org,9
"2509",XIAO,3
"2529",Foxy,5
"2531",Elevate,6
"2532",Louvre,39
"2533",Alliance,56
"2536",KG Network,2
"2538",Barrados Do Divine,1
"2539",RED Canids,2
"2542",DAMWON Gaming,43
"2546",Hamtori ZunDeZinx,7
"2548",APEX PEOPLE,5
"2554",World Game Star,20
"2556",Gehenna Sweepers,1
"2559",SPEAR GAMING,6
"2561",GOMA,4
"2562",HONK,15
"2563",onemoretime,3
"2565",swieca mix,1
"2566",Ballista,11
"2567",Monkey Business,2
"2569",Seniman Grooming,4
"257",G2 Esports,118
"2573",Noir,1
"2577",Raise Your Edge,8
"258",Team Yelo,1
"259",Destined,9
"2593",Fnatic,73
"2594",Rodelindo Roman esports,1
"2597",Black Bears,1
"2600",Jaguares Esports,1
"2602",WALTEM Gaming,4
"2605",Twin Esports,1
"2606",PÊEK Gaming,2
"2607",Edelweiss Esports,8
"261",Quantum Strikers ,5
"2625",ALFA Esport,1
"263",AVALON Gaming,4
"264",Pants Down,12
"2642",Patchwork,1
"2649",playzone,3
"265",RipNTear,9
"2670",Ignite,3
"27",Shidiots,5
"2724",roughtimes,1
"2726",DeftFox,6
"273",GVNG,1
"2734",ORGLESS5,2
"2745",Exorcist.ESC,3
"2746","6045Pirates",6
"2747",ex-SV Empire,9
"2749",DreamFyre,2
"2755",SAW,31
"276",BAKEMON,1
"2766",Jesfrelho,2
"2768",Ahlman Esports,1
"277",Crazy Raccoon,37
"2774",Lunch Club,1
"278",DetonatioN Gaming White,19
"279",Absolute JUPITER,52
"280",LAG Gaming,14
"2802",Reformed,7
"2806",GoNGo Prince,26
"2811",FUSCA AZUL,1
"2814",Bigetron Astro,18
"2815",Version1,55
"2819",Entropiq,19
"282",SCARZ,21
"2826",Kanga Esports,19
"2827",AGG,6
"2828",TinyTurtles,1
"283",Sengoku Gaming,16
"2835",Ksenox,1
"2839",jaba,1
"2845",EZ KATKA,5
"285",Nora-Rengo,1
"286",Team Zerator ,2
"287",Team Mixwell,6
"2891",Trident Clan,1
"2896",CANAVARLAR,1
"2897",FOXNGAME Esports,4
"290",Team Taimou,5
"2900",Demon,1
"2903",Team Aurora,7
"2908",Thunderbolts Gaming,21
"2909",No Org Found,4
"2910",Boca Boston,1
"2913",TempesT,1
"2917",Enigma Gaming,52
"2919",Team FANGS,1
"292",Team ANGE1,2
"293",Team draken,5
"2932",nevermindgg,5
"2933",MUYAHO,6
"2934",FENNEL,15
"2936",Project,1
"2938",PUGSTARS,9
"2946",Slimy Boogermen,7
"2952",Fulcrum Esports Catalyst,1
"2956",Org Not Found,2
"2957",The First Order,5
"296",Space Cowboys,2
"2965",OG,17
"2966",The Better LG,4
"2968",OWA OWA,1
"2970",PROJECT XY,1
"2974",PASSAROS DO AMORS,2
"2980",raeB's Anime Club,1
"2983",Gaming Team SELECTOR,5
"2986",SETOUCHI ENLIFE,1
"2987",Feeling,7
"2988",NORTHEPTION,15
"2996",ShikouKouketsu,2
"3",Ninjas in Pyjamas,72
"30",Seal Team 6,3
"302",Spot Up,34
"3023",Against All Odds,2
"3029",Invicta Gaming,6
"3065",animel,8
"3072",świeca,3
"3082",Lasagna Beam,2
"3086",Phenomenon,1
"3106",Looking For Sponsor,7
"3107",Griffin E-Sports,14
"3114",IVY,29
"3125",Funkboings,13
"3127",CNG Esports,1
"3129",Reven Esports,12
"3131",NO ORG ,1
"3132",ANARCHY,2
"3136",Oasis Gaming,12
"3141",VVV,2
"315",Lemonade Stand,5
"3155",WOLFPACK,1
"3157",Flat White,1
"3164",Not Ready,1
"3179",Anti Eco Eco Club,17
"3180",Ghost CommandoS,2
"3184",All Born to Clutch,2
"3187",Kooky Koalas ,35
"320",Team Turkey,1
"321",Mattistack,4
"3214",Frick Ya Bag,2
"3218",Stars Horizon,3
"3222",FREEAGENTS,4
"3223",REVOADINHA,1
"323",THOSE GUYS,8
"324",Wave Esports,55
"325",RATVI,2
"3259",Unity Esports,2
"326",nolpenki,26
"3261",Kafalar eSports,18
"327","5Dogs",1
"3274",Akella,1
"3275",Hexad,3
"3279",Straight Outta The Zoo,31
"328","100 Blifted",2
"3283",The Goose House,1
"3290",Extenzy Gaming,9
"330",Anata,2
"3303",volvo peek,6
"3311",I need Girlfriend,3
"3314",Hamtories,3
"3315",Mujig 100su,3
"332",Team Calango,1
"3322",Border Monsters,20
"3337",Team Basilisk,71
"334",Bottom Fraggers,8
"3340",Liberty Female,9
"3342",Gamelanders Purple,29
"3347",Angry Titans,6
"3348",Orgless,8
"3349",Vendetta,2
"3361",SMARACIS eSports,7
"337",FaZe Clan,96
"3371",Deja Vu,3
"3379",trying to win,2
"3382",E9Sports,5
"339",Divine Vendetta,3
"3393",AVEZ Esport,4
"3399","99Percent.",4
"3402",Nexus Gaming,2
"3407",Decisive,3
"3412",Alter Ego Celestè,16
"342",Knights of Bizertin Rise,1
"344",Exalted Esports,2
"348",CITRON CHIEN,3
"3490",LP33,3
"3500",Kinetic,1
"3504",DR Esports,6
"3512",Sharks Esports,29
"3524",Timing Monster Gaming,11
"3525",EXCEL,19
"3527",Piercer Esports,2
"353",B7 Warriors,23
"3531",Acend,79
"3538",HOMELESS,2
"354","5gg",3
"3541",KLATWA,6
"3545",CLG Red,22
"3546",KPC Computer Studio,23
"3548",TSM X,23
"355",Lankräm,11
"3559",SeekingContract,2
"3564",Moon Raccoons Black,2
"3576",OWA OWA,3
"3578",Man I Love Fwogs,4
"3597",Noble,41
"360",Undead Gaming,1
"3604",CE Calling,6
"361",Furious Gaming,28
"3613",UndeRank,1
"362",Rebirth Esports,1
"363",Infinity Esports,45
"3652",Morph Impact,22
"367","9z Team",39
"3676",Keyd Stars Athenas,5
"368",Estral Esports,20
"3686",Recon 5,2
"3692",Walküre,2
"3698",Thailand Attitude,3
"3702",KJC eSports,1
"3710",Illuminar Gaming,18
"3711",F1LS Esports,9
"3714",Samurai Esports,10
"3717",Galaxy Racer,14
"3718",SunSparks,7
"3724",NEBULAA,1
"373",Rainbow7,2
"3734",Five Ace e-Sports,11
"374",Arctic Gaming Mexico,6
"3748",Team Reckaroo,11
"3756",O.O.D.A Loopers,2
"3765",OOKERS,35
"377",bonk,14
"3771",HEAD HUNTERS,1
"378",EXO Clan,38
"3785",cute fat boys,1
"379",LOL,4
"3791",Insight,16
"3799",Moscow Five jr,6
"380",esoteric,1
"3808","1280x960",1
"382",Demon Time,11
"3821",TOOOLS esports,4
"3830",No Witness,1
"385",team xz,3
"3861",Békéscsabai E-sport Egyesület,3
"3862",Vacuumers,5
"388",DivisionX Gaming,35
"39","9XL",1
"3907",fReya,1
"3908",Team BDS,27
"393",KOUD’KOUTO,1
"394",Apexis,2
"3942",Meta Gaming,13
"3944",Teal Seam,60
"3945",Rio Company,9
"395",Dawn of Stars,2
"3952",DAT,2
"3965",COUSINS,2
"397",BBL Esports,62
"3996","368",3
"4",smoke,3
"400",flawless,16
"4007",PACT,17
"4009",Tiimu Sagashitemasu,4
"4016",Free Agents,1
"4019",Icicle Conflict,1
"4026",Noble Experience,2
"403",breadHUNTERS,4
"4033",Eshays,5
"4036",Team Bliss,63
"4050",FULL SENSE,45
"406",putsch,1
"4073",Bandits,2
"4074",Orgless,3
"4075",T1 Academy,9
"4079",OS GURI,1
"408",Team123,2
"4083",Memelanders,2
"409",Shawty Gamin',1
"4094",Six Karma,23
"41",HypHypHyp,10
"4141",WLGaming Esports,1
"415",komand04ka,2
"4150",South Built Esports,17
"4153",JG.JIANG,2
"4155",GhostFamily E-Sports,1
"417",Black Dragons,11
"4173",Ovation eSports,2
"418",Anuncie Aqui,3
"419",TERROR.NET,14
"4198",Benchwarmers,2
"42",Valorando,7
"420",Team Vikings,49
"4210",Made in Thailand,2
"422",NOTRAB,2
"423",Mamba Mode Gaming,46
"424",PiP PiP PiP,1
"425",Team oNe,20
"4251",Alpha Esports Pro,9
"4260",afterMath Esports,1
"427",Envy,126
"4273",Victory Formula,1
"4278",Intense Gaming,4
"4282",Sum 2 Prove,3
"4295",UYU,1
"43",LEMONn,2
"431",unnamed,5
"4315",Squirtle Squad,33
"432",Crab Walk Killers,1
"4321",EndGame,5
"4323",SBTC Esports,9
"4324",FEARUS,11
"4325",CERBERUS Esports,16
"4326",Steal Your Glory,20
"4327",No Hope Gaming,5
"4329",EGO,12
"433",COFFEE,3
"4330",Fancy United Esports,18
"4331",YAMAGAN,14
"434",Team Launch,15
"4345",SoaR,77
"4346",DarkZero Esports ,49
"4347",Team Name,1
"435",OverPalaStrike,14
"4353",ATROPELADOS,5
"4355",Motion Team,5
"4356",Cruzados Esports,3
"4357",Invicta Gaming,2
"4366",Elmerz Glue,5
"437",Pillow,1
"4378",Frail Males,2
"438",Control,3
"4388",Cosmic Divide,30
"439",Opportunists,39
"4391",Last Round Save,11
"4396",Regnum Carya Esports,1
"44",Royals,16
"4401",Stars Horizon Fem,6
"4406",Duck Gaming,1
"4409",Jaguares Fem,1
"4415",Rix.GG Lightning,23
"4420",Tyrant Esports,6
"4435",TERROR.NET,15
"4436",Take Flyte,4
"4437",Frick Ya Bag,5
"444",defkon,1
"4446",AREA,5
"4447",Zero MarksMen,2
"4451",RYU Gaming ,1
"4455",Third Impact,12
"4456",Underdog,7
"4458",Invictus Gaming Academy,1
"4460",Number One Player,17
"4461",All Gamers,10
"4462",NTER,19
"4463",LIZHI,19
"4464",ShanXi Gaming,6
"4465",DingFeng Gaming,1
"4466",MAX Esports,8
"4468",McBTSMac,10
"4470",MTP Esport,13
"4471",BK ROG Esports,15
"4475",Gen.G Black,14
"4477",Bewds Retirement Home,1
"448",OSKARAVELHO,2
"45",TooGoodForLan,3
"4502",MEOGANG,1
"4509",Je t'aime de ouf,2
"4511",Graviton Surge,1
"4513",POWER,1
"4515",Team Roquette,5
"4518",AG,9
"4519",PURPURE,1
"4521",HATALANTE,1
"4525",Goofy Goobers,16
"4527",SUPRMODE Gaming,10
"4529",IlluZion,4
"453",Vincit Gaming,4
"4532",ValorsGG,1
"4535",Foxy,4
"4537",Renatus Black,2
"4538",Team Queso,23
"454",FULLCS,2
"4542",Fire Angels,3
"4545",Kraken,2
"455",Question Mark,3
"4550",NOTHING2LOSE,10
"4553",Nexus Gaming,2
"456",BADARANTS,1
"4560",Unbind Crouch,3
"4567",SuperMassive Blaze,29
"4568",M4LIK,11
"4575",POISON CLAN,1
"4579",WICKED,1
"4594",ZEN ONI,1
"4595",Bongos,1
"46",BlackBelts,1
"4603",GX3,5
"4607",Just Breathe,2
"4616",UCAM Esports Club,36
"4621",Crypto Esports,14
"4635",Kawaii,1
"4636",NoPoaching,13
"4641",Rugrats,4
"4644",Leftovers,4
"4647",CoT,6
"4658",Professional Malders,5
"466",BOOM Esports,92
"4660",Sbread Gaming,4
"4663",TENSTAR,36
"4665",Macacos Bovinos,1
"4669",Digital Athletics,16
"4670",WiLD MultiGaming,17
"4671",EGN Esports,3
"4672",FPL-C,19
"4675",Bifrost,1
"468",Renegades,192
"4680",T69,8
"4683",Invincible Gaming,3
"4686",Fire Flux Esports,40
"4688",Fenrir,14
"4692",HorizonGG,2
"4693",Villains Esports,18
"4695",Pigeons Esports,4
"4696",Surreal Esports,8
"4697",OutRage,1
"470",Complexity,125
"4709",Funee Monkee,2
"472",BIG,74
"4726",Mustang Gaming,4
"473",Built By Gamers,112
"4730",QQQ,4
"4732",Team Moon,3
"4733",True Rippers,12
"474",Team Liquid,81
"4743",VPG Headhunters,2
"4744",Lariox Esports,1
"475",Team Quitooo,2
"4751",driveBy,2
"476",Team Owl,1
"4762",Galakticos,10
"4764",GOMA,1
"477",looking4org,4
"4779",KASTIRALIS,2
"478",Lunaris,11
"4789",ex-Recon 5,7
"479",LULw,2
"480",Quickmath,4
"4806",MAXD Esports,1
"4807",Team Arrow,3
"4808",Salt Esports,9
"4809",Team Exploit,27
"4826",B4 Angels,17
"4827",Fortnite Fraggers,3
"4829",Team Valor,17
"483",Morning Light,4
"4832",ROG Academy,2
"4835",Rebirth Esports,2
"4836",Wanderers Esports,4
"4837",Shopify Rebellion,31
"484",Pretty Boyz,8
"485",Homeless,6
"4851",TLP Monkies,2
"4852",Cruzeiro Esports,2
"4855",Zeal Esports,12
"486",Vertexo,1
"4860",DOMINUS,1
"4875","47 Gaming",1
"4877",Les Zinzins De Lespace,3
"4878",Reject$,17
"488",tyeasy,18
"4880",Synergy,2
"4890",No Org,1
"4891",SV Empire,11
"4892",Dewa VVV,2
"4893",Cynical,3
"4894",Keyd Stars,43
"4895",Massive Physiques,1
"4899",Last Round Save,5
"4900",Remember Me,5
"4904",RevoadaVLR,7
"4915",Natus Vincere,18
"4917",Take Flyte,1
"4923",Team X,1
"4924","24Haven",7
"4927",Jaguares Esports,5
"4928",OtherSide Blue,2
"4940",Pioneers,40
"4944",SALOH,2
"495",Fusion Fraggers,22
"4955",Predestinados,7
"496",ahq e-Sports Club,23
"4960",unjobbed,6
"4963",PEACE,30
"4965",Frail Males,1
"497",Attack All Around,53
"4975",Sewercats,1
"4982",Velox,6
"4987",Granjeros,4
"4989",Pass Gaming,2
"4993",FW Esports,9
"4994",wicket berg,2
"4997",aaaa,1
"5",Last Minute Heroes,1
"50",need more DM,28
"5000",ORO Esports,3
"501",LEGENDs,3
"5013",Galaxy Racer Female,2
"5016",Oasis Gaming Aqua,3
"5017",Aricat.Aresta,2
"502",Shiba,9
"5021",Born to win,1
"5032",No Pressure,7
"5038",YFP Gaming,39
"5039",Team Volted,1
"504",Totem Providence,2
"508",Crazy Hamster,1
"5085",The Future,1
"5090",UnderDogs,1
"510",No Mercy,6
"511",FURY,1
"513",BlackBird Ignis,24
"5148",Insomnia,3
"5156",Storks Phalanx,3
"5159",Run it Back,1
"516",FAV gaming,41
"517",Lunatic-Hai,4
"5199",Rhyno Esports,2
"520",Virtue Gaming,1
"521",Les Farmers,1
"5213",Carpe Noctem,5
"5214",CGN Esports,15
"5220",The Goose House Lunar,5
"5240",deathwish,2
"5248",Evil Geniuses,78
"5250",Karma,1
"5251",ez5,34
"526",FAKEZIN,10
"528",MIRONGA VIRUS,2
"529",Rix.GG,14
"53",Resurrection Sickness,2
"5308",Unknownpros,2
"5310",Fenerbahçe Esports,9
"5311",FAV gaming,1
"5313",Big Frames,2
"5316",NOORG2.0,8
"5328",TYPHOONS,2
"5329",Water,1
"533",XSET,84
"5334",EGO Media,3
"5337",Klaus,1
"5342",Unknown,1
"5346",Alpha Six Gaming,4
"5351",DFR,3
"5355",GochuGaru,7
"5366",Action PH,4
"537",Mandatory,1
"5378",Innocent Cats Esports,1
"5391",AXIBYTE ESPORTS,5
"5406",Stars Horizon,6
"541",GoodVibes,1
"5413",UwU,16
"5419",Z11,1
"5426",The Infinity Esports,2
"5427",Need Sponsor,11
"5440",Good Fellas,2
"5441",Anonymo Esports,1
"5443",KONE,28
"5444",Bait Academy,17
"5448",ZETA DIVISION,12
"545",ISOL-BULIL,7
"5461",Invictus Gaming,8
"5467",Oxxgen Esports,34
"547",ex-Giants Gaming,42
"5470",ChatBanned,22
"5472",Peeposhy,1
"548",Wygers,14
"5482",Kowareta,8
"5491",UCFC Esports,1
"5492",Renatus White,4
"5494",volei e peteca,1
"5495",GIVENCHY PARIS,1
"5504",O2 Gaming,3
"5543",BTR ,3
"5544",Mama's Boys,2
"5545",Project S,4
"5547",Bedel Ödeyenler,1
"5549",Bay Area Vandals,1
"5550",PLATOON Belarus,3
"556",keepYOURskill,5
"5587",Nerd Emoji,1
"56",The Boys,2
"5601",Nightblood Gaming,1
"5603",Ahjin,1
"5608",Brain And Friends,1
"5615",HE Gaming,3
"5638",VAC Kimchi,5
"564",Team Crushed,1
"5654",Equipe,2
"5663",Funky Monkeys,4
"567",VAC Kimchi,2
"5679",Gydom Galva,3
"568",Pingu Gang,2
"5684",Banditz,1
"57",Obsidian Esports,2
"572",Bloom,1
"575",Eloquence,14
"576",iPon Esport,31
"5772",Benchwarmers,2
"579",Entropiq,17
"5798",ArchiGoKill,1
"581",Liberty ,25
"5811",What's going on,2
"5821",All Around Savants,5
"5832",Zero MarksMen Black,9
"5839",Time Out,5
"584",Furacão BLACK,1
"5843",Vexed Gaming,4
"5854",LvL Up Esport,1
"5890",DIVIZE,18
"5895",Legion,3
"5896",RedFire.Wasd Arena,1
"5900",Damaru Gaming,3
"5902",Crash Landin on You,5
"5905",nA Whiff Masters,1
"5907",Lexious Gaming,2
"591",Mindfreak,67
"5917",vanished,3
"5923",Big Baller Brand,4
"5924",FLICKBAITERS,14
"5928",Onlyfans,2
"593",PLATOON,1
"5931",Team Big BAAM,6
"5941",Stars Horizon Vênus,4
"595",AoeXe,4
"5954",Team Capalot,2
"5960",BEAST,8
"5963",Langit9,1
"5984",Y10.5,3
"5993",FURY,3
"5997",FS Esports ,4
"5998",SUS SquaD,2
"6",Orgless,1
"6001",OnlyFriends,2
"6003",Team XO,29
"6005","1620 Kings",3
"6007",Serenity Black,9
"6011",Breakout,2
"6019",Green beans,5
"6020",Pho Real,5
"6024",TENSTAR Nova,31
"6026",FlamexSerenity,1
"604",Aim.Attack,17
"6045",Lenny Time,14
"6047",VERTEX,9
"6056",TC Arise,3
"606",BeeNinjas,2
"6079",Supermassive Blaze Female,24
"6083",STELLAR,2
"6085","3BL Esports",2
"6090",TSM Academy,33
"6092",Regnum Carya Esports,12
"6093",Qing Jiu Club,5
"6094",ZHUQUE,2
"61",L'institut,19
"610",ZyppanGoKill,2
"6107",Legendary Donkey Destroyers,2
"6110",Tactical Five,2
"6115",Grilled Cheese,2
"6126",Legacy Esports,15
"6132",İstanbul Wildcats,26
"6134",Einheit,5
"6139","19esports",22
"614",T1 Korea,17
"6141",The Goose House,3
"6144",The Mafia,43
"6145",Zealous,2
"6148",Project A,16
"6149",Case Esports,2
"6164",Radiance,42
"617",Team SMG,88
"6170",The Silk Road,1
"6173",Spot Up,2
"618",fiVe,1
"6187",Shaverma,2
"619",Only One Word,8
"6192",Trident Esports,8
"6193",Geekay Esports,1
"6194",Wizards Club,1
"6195",Team Galaga,3
"6198",Knights Academy,19
"6199",Team Secret,12
"6200",Complexity GX3,7
"6201",UnderDogs Gaming,2
"6202",UYU,1
"6204",Nemesis,15
"621",KILOISDEAD,1
"6210",Futbolist Female,17
"6211",cowana Gaming,1
"6212",Activat3D Esports,5
"6213",Cloud9 Academy,18
"622",ex-Thailand Attitude,2
"623",Sharper Esport,56
"6230",Team Lixa,2
"624",Paper Rex,117
"6256",MAD Army,5
"626",ex-Morph Team,17
"6262",Nigma Galaxy,2
"6263",Guild X,30
"6265",+22 ,1
"6267",One Breath Gaming,47
"627",Team LZ,1
"6273",Polaris,5
"6276",Lycus Empire Red,1
"628",FunPlus Phoenix,56
"6281",Wanderlust,3
"6282",CC Angels,4
"6291",Dewa United Esports V3,1
"6292",Souldazz,4
"6294",VersionX,4
"6295",SMARACIS eSports Female,18
"6297",Team Punished,3
"6299",TGS aXe,2
"63",InetGamer,8
"6302",New Order,2
"6304",E2S Lexious,2
"631",beastcoast,32
"6312",KOVA,7
"6313",KPI Gaming,4
"6314",XSET Female,2
"632",Dignitas,40
"6337",LITHUANIAN UNITED,1
"6340",WATEr,1
"6343",MCES,1
"6346",ABB ASKI E-Spor WHITE,2
"6347",Sad Girls,3
"6348",Galakticos Sirens,1
"635",Hazmat.gg,1
"6350",Team Singularity Female,9
"6351",Lapki,1
"6353",THE ORIGINALS,4
"636",DETONA Gaming,8
"6361",Aim from Kitchen,1
"6362",Fire Flux Esports Female,12
"6364",Giants G4E,10
"6365",devils.one,4
"6368",BBL Queens,8
"6369",Nebula ,9
"637",Rise,79
"6370",instalocked,5
"6371",Zero Zone W,7
"6373",Merlyn Esports Shine,1
"6375",Most Prolific,3
"6378",F5,4
"6381",Valstars Gaming Female,14
"6383",Fear Legends,4
"6384",Clarity Esports,2
"6387",Bleed eSports,21
"6388",ValorsGG,1
"6389",Bren Esports,6
"6392",Eternal Fire,1
"6401",FOGUETE,5
"641",Entropiq Bravo,7
"6414",Nigma Galaxy Female,2
"6418",Actually Homeless,10
"6419",Elysium,28
"642",Luminosity,97
"6422",Resonate,28
"6433",Team Spain,1
"6436",Team Turkey,1
"6437",Team Italy,3
"6438",Team DACH,2
"644",Wygers Argentina,26
"6442",Team CIS,5
"6444",Team Eastern Europe,3
"6445","123TAP",5
"645",Procyon Team,7
"6451",Built By Gamers Academy,23
"6458",ARDENT,1
"6460",LDN UTD,17
"6461",Akrew,43
"6462",TradeLikePros,3
"6466",Redragon,4
"6469",VCTRY Esports,1
"647",Team 28,1
"6470",VLT Asteria,3
"6471",S8UL Esports,2
"6478",ex-Serenity Black,22
"6479",LilBabies,2
"648",VIMDOLOL,7
"6484",Tropinha do TIKTOK,1
"6486",Nebula,3
"6490",Nerdnecks,2
"6491",Nation Fan Club,4
"6492",HERO Esports,5
"6493",unsigned,2
"650",Connect Gaming,4
"651",Cloud9 Korea,20
"6512",Kraken ESC White,2
"6513",Big Bang,1
"652",Tek Gaming,8
"6530",G2 Gozen,21
"6533",Last Dance,7
"6534",Fire Flux Young,10
"654",ROX TEAM,17
"655",Project SW,5
"656",Avant,15
"6565",BETA,5
"657",ROG Esport,7
"6574",HEET RED,5
"6575",LAPFAP,2
"6576",Lithium,1
"6577",LUNÈ Girls Gaming,2
"658",Naura,4
"659",Dambis,5
"6592",BIG BOY'S CLUB,1
"6606",The Dush,1
"6615",이사가자,3
"6616",레.스.고,1
"6617",FUG,1
"6618",VVS,3
"662",Hajty,3
"6620",iCEGunmandu,1
"6621",Wyvern,1
"6622",Team LuZi,1
"6635",GiefKalash,3
"664",MUTANTS,1
"6651",ex-Limit,5
"6653",GunsForHire,4
"6674",Improve Female,2
"6675",The Guard,4
"6678",wasd fan club,2
"6679",Disciples ,3
"668",SUMN FC,24
"6683",Peek Performance,2
"669",REVIVE,1
"6703",Project02,1
"6704",Burton n Friends,3
"6706",spongebob squarepants,2
"6714",Team SGD,4
"6718",Huat Zai,5
"6722",FuelCore,2
"6723",MLC Esports,1
"6726",Crimas Disciples,8
"673",Team Finest,59
"6733",Hayal Sahnesi Goddess,1
"6734",MAFIOZI,2
"6736",Sequenz,1
"6738","5ynerG",3
"6739",Socks up Nyx,1
"674",Spacestation Gaming,24
"6740",Palinka,1
"6741","0 Training",1
"6742",Redteam Esport,2
"6743",BWG,7
"6745",tba,6
"6747",FTW Fade,3
"6748",ANYWAY,5
"6749",Fearless,5
"675",LBS Esports,1
"6750",Rebels Gaming,6
"676",Meta Gaming ,4
"6776",The Meaps,5
"678",Event Horizon,1
"6782",Up Next,1
"679",Aion Esports,5
"6795",Betrayed's Fantasy Team,4
"6799",Goodfellas Gaming,2
"68",LUJAika,1
"680",Kanga Esports,8
"681",SKADE,5
"6817",ex-FLICKBAITERS,25
"682",Gambit Esports,95
"683",ZEROZONE,2
"6844",shiba n the homies,1
"685",HSDIRR,42
"6859",Aspyre,2
"686",Megastitut,32
"6864",Frag Ya Bag,2
"689",Washington Muscle,2
"6899",Fallen5,4
"69",Jacked Gamers,3
"6902",iwnl,3
"6903",Booster Seat Gaming,11
"6904",Zero MarksMen Silver,3
"6905",Bad Boy Crew,4
"6907",On The Way,10
"6908",Jays Finest,2
"6909",Showstoppers,2
"6910",Juul Team 6,5
"6911",Team NAME,6
"6914",Vietnamese Curry,6
"6917",Mustache Men,2
"6924",Just happy to be here,1
"6926",Froggers,4
"6927",Stim Beacon Boyz,1
"6931",RANK G,1
"6934",Minaweebs Money Crew,2
"6939",anythinglajustput,1
"694",Bren Esports,65
"695",HIGHPOWER,10
"6963",Outplay Uprising,1
"6970",Take It Easy,1
"6986",Ex-Dallas Vendetta,2
"6990",LFTval,1
"6991",Rose,1
"6992",CLB,3
"6994",wafflemakers,1
"7",Dignitas ,19
"70",Moscow 5 Academy,2
"700",COMETA TEAM,1
"7001",cismix,1
"702",STR99,6
"703",Wizards Club,3
"7043",sameROFLMAO,2
"7045",Salt and Vinegar,4
"7046",Bjor's Kittens,4
"7047",Mugiwara,2
"708",ciszej,8
"71",Banbind,1
"712",Wombocombo Team,2
"714",Builders,1
"719",Australs,52
"72",Team Jbzz,3
"721",DKS Esports,5
"724",E-Xolos LAZER,38
"726",MeT,3
"729",TopHard Esports,1
"73",Uruguay 3,2
"731",TYLOO,1
"732",EFuture,1
"734",Avocados Team,1
"735",PLAYMAKERS,3
"739",YUMPERIGO,1
"74",Washed Players,4
"740",Sicko Mode,3
"743",L8R Bot,2
"756",ehehxd,16
"76",SuperStars,4
"77",DPE,6
"776",Janus Esports,3
"777",Kaizen Esports,14
"78",OldTownRoad,2
"783",Dylema Gaming,4
"788",VASTA Gaming,6
"79",Fordon Boars,8
"791",Gonzo Gaming,1
"793",Moon Raccoons,21
"797",God Particles,2
"799",Velocity Gaming,105
"8",JSD,2
"80",DREAMCHASERS,7
"800",Villainous,3
"804",Royal Never Give Up,9
"805",ex-O2 Gaming,9
"809",eStar Gaming,1
"81",Vikingekrig Esports,1
"811",MAJKL,6
"816",Chick Fil Ayy,1
"818",GX3,2
"82",Worst Players,14
"822",Team France,1
"827",Genesis,5
"83",NeverEndingStory,2
"831",McTeam,10
"832",alltheRAGE,10
"836",DimmaDome$,2
"837",Serenity,35
"838",B4 eSports,10
"839",NO CONTRACT,4
"84",Clan123,2
"841",No2B e-Sports ,1
"845",Team Korea,2
"849",Armory Gaming,1
"85",Absolute Legends,3
"850",ANBU Elite Gaming,2
"853",Prism Esports,4
"856",Andbox,104
"857",Cracked,2
"859",Akatsuki,2
"86",SimpleMinecraftPlayers,3
"860",Ground Zero,14
"863",Notick,8
"864",Magic Five,2
"865",Paradox Esports,14
"868",Noble India,7
"873",Tilted,3
"875",G2G Esport,2
"876",Enterprise Esports,5
"877",Resurgence,2
"878",Rex Regum Qeon,11
"879",Todak,42
"88",AERIS,4
"880",MiTH.Attitude,22
"882",FeaFeaFea,5
"885",NTER,1
"889",DELIRAWOW,16
"89",Begrip Gaming,1
"891",NOORG2.0,4
"90",Ferrari Peek,2
"904",CBT Gaming,43
"905",KaiXin Esports,15
"907",Suning Gaming,20
"908",Tales of Eastern,42
"910",Exceeli Esports,11
"914",Team Tamilas,4
"916",xCeed,1
"918",Global Esports,84
"92",Team Spectralis,2
"921",Oxygen Esports,53
"922",Overt,2
"923",Radiant Esports,1
"926",Nezuko Gaming,1
"927",Thane Peek,1
"928",Team Invictus (India),2
"929",Digital Athletics,5
"93",Demise,2
"935",Anatolia Esports,26
"940",Team 2D,6
"948",Team FYB,2
"949",Mystify,13
"950",Ambush,1
"952",Team Flux,1
"955",Las Vegas Inferno,1
"956",Pyronic,2
"957",Kudos,3
"958",Reality Rift,21
"96",PartyParrots,32
"966","153",2
"967","5MOKES",7
"969",Miracles,1
"97",AVENUE Esports,3
"974",Brave,4
"976",Orgles5,5
"98",Absolute Legends Blue,1
"980",Santiago Wanderers,4
"981",CR4ZY,5
"982",Marten Gaming,1
"983",Good Game,2
"984",Team Toxic,8
"985",Kum Gaming,1
"986",euphoria,4
"988",MUTED,2
"99",Exceptis,2
"991",Exodus,3
"993",Phoenix1,16
